{
  "group": "beyond_earth",
  "type": "minecraft:crafting_shaped",
  "pattern": [
    "012",
    "3 5",
    "678"
  ],
  "key": {
    "0": {
      "tag": "forge:ingots/ostrum"
    },
    "1": {
      "tag": "forge:ingots/steel"
    },
    "2": {
      "tag": "forge:ingots/ostrum"
    },
    "3": {
      "tag": "forge:ingots/steel"
    },
    "5": {
      "tag": "forge:ingots/steel"
    },
    "6": {
      "tag": "forge:ingots/ostrum"
    },
    "7": {
      "tag": "forge:ingots/steel"
    },
    "8": {
      "tag": "forge:ingots/ostrum"
    }
  },
  "result": {
    "item": "beyond_earth:ostrum_tank",
    "count": 1
  }
}