{
  "group": "beyond_earth",
  "type": "minecraft:crafting_shaped",
  "pattern": [
    " 1 ",
    "345",
    "6 8"
  ],
  "key": {
    "1": {
      "tag": "forge:ingots/steel"
    },
    "3": {
      "item": "minecraft:iron_nugget"
    },
    "4": {
      "tag": "forge:rods/iron"
    },
    "5": {
      "item": "minecraft:iron_nugget"
    },
    "6": {
      "tag": "forge:plates/iron"
    },
    "8": {
      "tag": "forge:plates/iron"
    }
  },
  "result": {
    "item": "beyond_earth:oxygen_gear",
    "count": 1
  }
}