{
  "name": "beyond_earth:meteor/meteor",
  "fallback": "minecraft:empty",
  "elements": [
    {
      "weight": 50,
      "element": {
        "location": "beyond_earth:meteor_1",
        "processors": "beyond_earth:void_processor",
        "projection": "rigid",
        "element_type": "minecraft:single_pool_element"
      }
    },
    {
      "weight": 50,
      "element": {
        "location": "beyond_earth:meteor_2",
        "processors": "beyond_earth:void_processor",
        "projection": "rigid",
        "element_type": "minecraft:single_pool_element"
      }
    },
    {
      "weight": 50,
      "element": {
        "location": "beyond_earth:meteor_3",
        "processors": "beyond_earth:void_processor",
        "projection": "rigid",
        "element_type": "minecraft:single_pool_element"
      }
    },
    {
      "weight": 50,
      "element": {
        "location": "beyond_earth:meteor_4",
        "processors": "beyond_earth:void_processor",
        "projection": "rigid",
        "element_type": "minecraft:single_pool_element"
      }
    },
    {
      "weight": 50,
      "element": {
        "location": "beyond_earth:meteor_5",
        "processors": "beyond_earth:void_processor",
        "projection": "rigid",
        "element_type": "minecraft:single_pool_element"
      }
    },
    {
      "weight": 50,
      "element": {
        "location": "beyond_earth:meteor_6",
        "processors": "beyond_earth:void_processor",
        "projection": "rigid",
        "element_type": "minecraft:single_pool_element"
      }
    }
  ]
}