{
  "type": "tconstruct:casting_table",
  "conditions": [
    {
      "value": {
        "tag": "forge:coins/ostrum",
        "type": "forge:tag_empty"
      },
      "type": "forge:not"
    },
    {
      "modid": "tconstruct",
      "type": "forge:mod_loaded"
    }
  ],
  "cast": {
    "tag": "tconstruct:casts/single_use/coin"
  },
  "cast_consumed": true,
  "fluid": {
    "tag": "forge:molten_ostrum",
    "amount": 30
  },
  "result": {
    "tag": "forge:coins/ostrum"
  },
  "cooling_time": 29
}