{
  "type": "tconstruct:casting_table",
  "conditions": [
    {
      "value": {
        "tag": "forge:ingots/ostrum",
        "type": "forge:tag_empty"
      },
      "type": "forge:not"
    },
    {
      "modid": "tconstruct",
      "type": "forge:mod_loaded"
    }
  ],
  "cast": {
    "tag": "tconstruct:casts/multi_use/ingot"
  },
  "fluid": {
    "tag": "forge:molten_ostrum",
    "amount": 90
  },
  "result": {
    "tag": "forge:ingots/ostrum"
  },
  "cooling_time": 50
}