{
  "type": "tconstruct:ore_melting",
  "conditions": [
    {
      "value": {
        "tag": "forge:raw_materials/desh",
        "type": "forge:tag_empty"
      },
      "type": "forge:not"
    },
    {
      "modid": "tconstruct",
      "type": "forge:mod_loaded"
    }
  ],
  "ingredient": {
    "tag": "forge:raw_materials/desh"
  },
  "result": {
    "fluid": "beyond_earth:molten_desh",
    "amount": 90
  },
  "temperature": 500,
  "time": 75,
  "byproducts": [
    {
      "fluid": "tconstruct:molten_copper",
      "amount": 90
    }
  ]
}