{
  "type": "tconstruct:casting_table",
  "conditions": [
    {
      "value": {
        "tag": "forge:gears/desh",
        "type": "forge:tag_empty"
      },
      "type": "forge:not"
    },
    {
      "modid": "tconstruct",
      "type": "forge:mod_loaded"
    }
  ],
  "cast": {
    "tag": "tconstruct:casts/single_use/gear"
  },
  "cast_consumed": true,
  "fluid": {
    "tag": "forge:molten_desh",
    "amount": 360
  },
  "result": {
    "tag": "forge:gears/desh"
  },
  "cooling_time": 100
}