{"music.game":{"replace":true,"sounds":[{"name":"music/game/calm1","stream":true},{"name":"music/game/calm2","stream":true},{"name":"music/game/calm3","stream":true},{"name":"music/game/hal1","stream":true},{"name":"music/game/hal2","stream":true},{"name":"music/game/hal3","stream":true},{"name":"music/game/hal4","stream":true},{"name":"music/game/nuance1","stream":true},{"name":"music/game/nuance2","stream":true},{"name":"music/game/piano1","stream":true},{"name":"music/game/piano2","stream":true},{"name":"music/game/piano3","stream":true}]},"music.menu":{"replace":true,"sounds":[{"name":"music/menu/menu1","stream":true},{"name":"music/menu/menu2","stream":true},{"name":"music/menu/menu3","stream":true},{"name":"music/menu/menu4","stream":true}]},"music.nether.basalt_deltas":{"replace":true,"sounds":[{"name":"music.nether.nether_wastes","type":"event"}]},"music.nether.crimson_forest":{"replace":true,"sounds":[{"name":"music.nether.nether_wastes","type":"event"}]},"music.nether.nether_wastes":{"replace":true,"sounds":[{"name":"music/game/nether/nether1","stream":true},{"name":"music/game/nether/nether2","stream":true},{"name":"music/game/nether/nether3","stream":true},{"name":"music/game/nether/nether4","stream":true}]},"music.nether.soul_sand_valley":{"replace":true,"sounds":[{"name":"music.nether.nether_wastes","type":"event"}]},"music.nether.warped_forest":{"replace":true,"sounds":[{"name":"music.nether.nether_wastes","type":"event"}]},"music.overworld.badlands":{"replace":true,"sounds":[{"name":"music.game","type":"event"}]},"music.overworld.bamboo_jungle":{"replace":true,"sounds":[{"name":"music.game","type":"event"}]},"music.overworld.cherry_grove":{"replace":true,"sounds":[{"name":"music.game","type":"event"}]},"music.overworld.deep_dark":{"replace":true,"sounds":[]},"music.overworld.desert":{"replace":true,"sounds":[{"name":"music.game","type":"event"}]},"music.overworld.dripstone_caves":{"replace":true,"sounds":[{"name":"music.game","type":"event"}]},"music.overworld.flower_forest":{"replace":true,"sounds":[{"name":"music.game","type":"event"}]},"music.overworld.forest":{"replace":true,"sounds":[{"name":"music.game","type":"event"}]},"music.overworld.frozen_peaks":{"replace":true,"sounds":[{"name":"music.game","type":"event"}]},"music.overworld.grove":{"replace":true,"sounds":[{"name":"music.game","type":"event"}]},"music.overworld.jagged_peaks":{"replace":true,"sounds":[{"name":"music.game","type":"event"}]},"music.overworld.jungle":{"replace":true,"sounds":[{"name":"music.game","type":"event"}]},"music.overworld.lush_caves":{"replace":true,"sounds":[{"name":"music.game","type":"event"}]},"music.overworld.meadow":{"replace":true,"sounds":[{"name":"music.game","type":"event"}]},"music.overworld.old_growth_taiga":{"replace":true,"sounds":[{"name":"music.game","type":"event"}]},"music.overworld.snowy_slopes":{"replace":true,"sounds":[{"name":"music.game","type":"event"}]},"music.overworld.sparse_jungle":{"replace":true,"sounds":[{"name":"music.game","type":"event"}]},"music.overworld.stony_peaks":{"replace":true,"sounds":[{"name":"music.game","type":"event"}]},"music.overworld.swamp":{"replace":true,"sounds":[{"name":"music.game","type":"event"}]}}