{
  "type": "tconstruct:ore_melting",
  "conditions": [
    {
      "value": {
        "tag": "forge:ores/calorite",
        "type": "forge:tag_empty"
      },
      "type": "forge:not"
    },
    {
      "modid": "tconstruct",
      "type": "forge:mod_loaded"
    }
  ],
  "ingredient": {
    "tag": "forge:ores/calorite"
  },
  "result": {
    "fluid": "beyond_earth:molten_calorite",
    "amount": 180
  },
  "temperature": 500,
  "time": 150,
  "byproducts": [
    {
      "fluid": "tconstruct:molten_gold",
      "amount": 180
    }
  ]
}