{
  "temperature": -0.7,
  "downfall": 1,
  "precipitation": "snow",
  "category": "icy",
  "effects": {
    "sky_color": -3044526,
    "fog_color": -3044526,
    "water_color": 4159204,
    "water_fog_color": 329011,
    "grass_color": 9551193,
    "foliage_color": 7842607,
	"particle": {
      "options": {
        "type": "minecraft:crimson_spore"
      },
      "probability": 0.014
    }
  },
  "spawners": {},
  "spawn_costs": {},
  "carvers": {
    "air": [
      "minecraft:cave",
      "minecraft:cave_extra_underground",
      "minecraft:canyon"
    ]
  },
  "features": [
    [
      "minecraft:fossil_upper",
      "minecraft:fossil_lower",
      "minecraft:lush_caves_ceiling_vegetation",
	  "minecraft:cave_vines",
      "minecraft:lush_caves_clay",
	  "minecraft:lush_caves_vegetation",
	  "minecraft:classic_vines_cave_feature",
      "minecraft:ice_spike",
      "minecraft:ice_patch",
      "minecraft:freeze_top_layer"
    ]
  ]
}