{
  "temperature": 0.8,
  "downfall": 0,
  "precipitation": "none",
  "category": "plains",
  "effects": {
    "sky_color": -3044526,
    "fog_color": -3044526,
    "water_color": 4159204,
    "water_fog_color": 329011,
    "grass_color": 9551193,
    "foliage_color": 7842607,
	"particle": {
      "options": {
        "type": "minecraft:crimson_spore"
      },
      "probability": 0.014
    }
  },
  "creature_spawn_probability": 0.2,
  "spawners": {
    "monster": [
	  {
        "type": "beyond_earth:martian_raptor",
        "weight": 100,
        "minCount": 1,
        "maxCount": 3
      }
    ]
  },
  "spawn_costs": {
    "beyond_earth:martian_raptor": {
      "energy_budget": 0.015,
      "charge": 0.2
    }
  },
  "carvers": {
    "air": [
      "minecraft:cave",
      "minecraft:cave_extra_underground",
      "minecraft:canyon"
    ]
  },
  "features": [
    [
      "minecraft:fossil_upper",
      "minecraft:fossil_lower",
      "minecraft:lush_caves_ceiling_vegetation",
	  "minecraft:cave_vines",
      "minecraft:lush_caves_clay",
	  "minecraft:lush_caves_vegetation",
	  "minecraft:classic_vines_cave_feature"
    ]
  ]
}