{
  "temperature": 1.6,
  "downfall": 0,
  "precipitation": "none",
  "category": "none",
  "effects": {
    "sky_color": -16777216,
    "fog_color": -16777216,
    "water_color": 4159204,
    "water_fog_color": 329011,
    "grass_color": 9551193,
    "foliage_color": 7842607
  },
  "creature_spawn_probability": 0.2,
  "spawners": {
    "monster": [
      {
        "type": "minecraft:magma_cube",
        "weight": 100,
        "minCount": 1,
        "maxCount": 3
      }
    ]
  },
  "spawn_costs": {
    "minecraft:magma_cube": {
      "energy_budget": 0.015,
      "charge": 0.4
    }
  },
  "carvers": {
    "air": [
      "minecraft:cave",
      "minecraft:cave_extra_underground",
      "minecraft:canyon"
    ]
  },
  "features": [
    [
      "minecraft:delta",
      "minecraft:basalt_pillar",
      "minecraft:basalt_blobs",
	  "minecraft:blackstone_blobs",
      "minecraft:spring_delta",
	  "minecraft:patch_fire",
	  "minecraft:patch_soul_fire",
      "minecraft:ore_magma",
      "minecraft:spring_closed_double"
    ]
  ]
}