{
  "temperature": -0.7,
  "downfall": 0,
  "precipitation": "none",
  "category": "desert",
  "effects": {
    "sky_color": 0,
    "fog_color": 0,
    "water_color": 4159204,
    "water_fog_color": 329011,
    "grass_color": 9551193,
    "foliage_color": 7842607
  },
  "creature_spawn_probability": 0.2,
  "spawners": {
    "monster": [
	  {
        "type": "beyond_earth:alien_zombie",
        "weight": 100,
        "minCount": 1,
        "maxCount": 3
      },
	  {
        "type": "beyond_earth:star_crawler",
        "weight": 100,
        "minCount": 1,
        "maxCount": 3
      }
    ]
  },
  "spawn_costs": {
    "beyond_earth:alien_zombie": {
      "energy_budget": 0.015,
      "charge": 0.2
    },
	"beyond_earth:star_crawler": {
      "energy_budget": 0.015,
      "charge": 0.4
    }
  },
  "carvers": {
    "air": [
      "minecraft:cave",
      "minecraft:cave_extra_underground",
      "minecraft:canyon"
    ]
  },
  "features": [
    [
      "minecraft:large_dripstone",
      "minecraft:dripstone_cluster",
      "minecraft:pointed_dripstone"
    ]
  ]
}