{
  "name": "beyond_earth:run_alien_village/side_pool",
  "fallback": "minecraft:empty",
  "elements": [
    {
      "weight": 50,
      "element": {
        "location": "beyond_earth:run_down_house_right_side",
        "processors": "minecraft:empty",
        "projection": "rigid",
        "element_type": "minecraft:single_pool_element"
      }
    },
    {
      "weight": 100,
      "element": {
        "location": "beyond_earth:run_down_house_right_side_golden",
        "processors": "minecraft:empty",
        "projection": "rigid",
        "element_type": "minecraft:single_pool_element"
      }
    }
  ]
}