{
	"parent": "block/block",
	"ambientocclusion": false,
	"render_type": "cutout",
	"textures": {
		"1": "minecraft:block/glass",
		"2": "minecraft:block/iron_block",
		"6": "create:block/brass_block",
		"particle": "create:block/brass_block"
	},
	"elements": [
		{
			"name": "bottom_frame_north",
			"from": [0, 0, 0],
			"to": [16, 1, 1],
			"shade": false,
			"faces": {
				"north": {"uv": [0, 15, 16, 16], "rotation": 180, "texture": "#6"},
				"east": {"uv": [15, 0, 16, 1], "texture": "#6"},
				"west": {"uv": [0, 0, 1, 1], "texture": "#6"},
				"up": {"uv": [0, 0, 16, 1], "texture": "#6"},
				"down": {"uv": [0, 0, 16, 1], "texture": "#6"}
			}
		},
		{
			"name": "bottom_frame_south",
			"from": [0, 0, 15],
			"to": [16, 1, 16],
			"shade": false,
			"faces": {
				"east": {"uv": [15, 15, 16, 16], "texture": "#6"},
				"south": {"uv": [0, 0, 16, 1], "texture": "#6"},
				"west": {"uv": [0, 15, 1, 16], "texture": "#6"},
				"up": {"uv": [0, 15, 16, 16], "texture": "#6"},
				"down": {"uv": [0, 15, 16, 16], "texture": "#6"}
			}
		},
		{
			"name": "bottom_frame_west",
			"from": [0, 0, 1],
			"to": [1, 1, 15],
			"shade": false,
			"faces": {
				"west": {"uv": [15, 1, 16, 15], "rotation": 270, "texture": "#6"},
				"up": {"uv": [0, 1, 1, 15], "texture": "#6"},
				"down": {"uv": [0, 1, 1, 15], "texture": "#6"}
			}
		},
		{
			"name": "bottom_frame_east",
			"from": [15, 0, 1],
			"to": [16, 1, 15],
			"shade": false,
			"faces": {
				"east": {"uv": [0, 1, 1, 15], "rotation": 90, "texture": "#6"},
				"up": {"uv": [15, 1, 16, 15], "texture": "#6"},
				"down": {"uv": [15, 1, 16, 15], "texture": "#6"}
			}
		},
		{
			"name": "frame_north",
			"from": [0, 15, 0],
			"to": [16, 16, 1],
			"shade": false,
			"faces": {
				"north": {"uv": [4, 0, 5, 16], "rotation": 90, "texture": "#6"},
				"east": {"uv": [5, 0, 6, 1], "texture": "#6"},
				"south": {"uv": [6, 0, 7, 16], "rotation": 90, "texture": "#6"},
				"west": {"uv": [4, 0, 5, 1], "texture": "#6"},
				"up": {"uv": [5, 0, 6, 16], "rotation": 90, "texture": "#6"},
				"down": {"uv": [7, 0, 8, 16], "rotation": 90, "texture": "#6"}
			}
		},
		{
			"name": "frame_south",
			"from": [0, 15, 15],
			"to": [16, 16, 16],
			"shade": false,
			"faces": {
				"north": {"uv": [4, 0, 5, 16], "rotation": 90, "texture": "#6"},
				"east": {"uv": [5, 15, 6, 16], "texture": "#6"},
				"south": {"uv": [6, 0, 7, 16], "rotation": 90, "texture": "#6"},
				"west": {"uv": [4, 15, 5, 16], "texture": "#6"},
				"up": {"uv": [5, 0, 6, 16], "rotation": 90, "texture": "#6"},
				"down": {"uv": [7, 0, 8, 16], "rotation": 90, "texture": "#6"}
			}
		},
		{
			"name": "frame_east",
			"from": [15, 15, 1],
			"to": [16, 16, 15],
			"shade": false,
			"faces": {
				"east": {"uv": [4, 1, 5, 15], "rotation": 90, "texture": "#6"},
				"west": {"uv": [6, 1, 7, 15], "rotation": 90, "texture": "#6"},
				"up": {"uv": [5, 1, 6, 15], "texture": "#6"},
				"down": {"uv": [7, 1, 8, 15], "texture": "#6"}
			}
		},
		{
			"name": "frame_west",
			"from": [0, 15, 1],
			"to": [1, 16, 15],
			"shade": false,
			"faces": {
				"east": {"uv": [4, 1, 5, 15], "rotation": 90, "texture": "#6"},
				"west": {"uv": [6, 1, 7, 15], "rotation": 90, "texture": "#6"},
				"up": {"uv": [5, 1, 6, 15], "texture": "#6"},
				"down": {"uv": [7, 1, 8, 15], "texture": "#6"}
			}
		},
		{
			"name": "front_north",
			"from": [1, 1, 0],
			"to": [15, 15, 1],
			"shade": false,
			"faces": {
				"north": {"uv": [1, 1, 15, 15], "texture": "#1"},
				"south": {"uv": [1, 1, 15, 15], "texture": "#1"}
			}
		},
		{
			"name": "front_south",
			"from": [1, 1, 15],
			"to": [15, 15, 16],
			"shade": false,
			"rotation": {"angle": 0, "axis": "y", "origin": [8, 9, 8]},
			"faces": {
				"north": {"uv": [1, 1, 15, 15], "texture": "#1"},
				"south": {"uv": [1, 1, 15, 15], "texture": "#1"}
			}
		},
		{
			"name": "front_west",
			"from": [0, 1, 1],
			"to": [1, 15, 15],
			"shade": false,
			"faces": {
				"east": {"uv": [1, 1, 15, 15], "texture": "#1"},
				"west": {"uv": [1, 1, 15, 15], "texture": "#1"}
			}
		},
		{
			"name": "front_east",
			"from": [15, 1, 1],
			"to": [16, 15, 15],
			"shade": false,
			"faces": {
				"east": {"uv": [1, 1, 15, 15], "texture": "#1"},
				"west": {"uv": [1, 1, 15, 15], "texture": "#1"}
			}
		},
		{
			"name": "front_top",
			"from": [1, 15, 1],
			"to": [15, 16, 15],
			"shade": false,
			"faces": {
				"up": {"uv": [1, 1, 15, 15], "texture": "#1"},
				"down": {"uv": [1, 1, 15, 15], "texture": "#1"}
			}
		},
		{
			"name": "front_base",
			"from": [1, 0, 1],
			"to": [15, 1, 8],
			"shade": false,
			"rotation": {"angle": 0, "axis": "y", "origin": [9, 8, 9]},
			"faces": {
				"up": {"uv": [1, 1, 15, 8], "texture": "#front"},
				"down": {"uv": [1, 1, 15, 8], "texture": "#6"}
			}
		},
		{
			"name": "back_base",
			"from": [1, 0, 8],
			"to": [15, 1, 15],
			"shade": false,
			"rotation": {"angle": 0, "axis": "y", "origin": [9, 8, 16]},
			"faces": {
				"up": {"uv": [1, 8, 15, 15], "texture": "#back"},
				"down": {"uv": [1, 8, 15, 15], "texture": "#6"}
			}
		},
		{
			"name": "frame_north_west",
			"from": [0, 1, 0],
			"to": [1, 15, 1],
			"shade": false,
			"faces": {
				"north": {"uv": [0, 1, 1, 15], "texture": "#6"},
				"east": {"uv": [1, 1, 2, 15], "texture": "#6"},
				"south": {"uv": [2, 1, 3, 15], "texture": "#6"},
				"west": {"uv": [3, 1, 4, 15], "texture": "#6"}
			}
		},
		{
			"name": "frame_south_west",
			"from": [0, 1, 15],
			"to": [1, 15, 16],
			"shade": false,
			"faces": {
				"north": {"uv": [0, 1, 1, 15], "texture": "#6"},
				"east": {"uv": [1, 1, 2, 15], "texture": "#6"},
				"south": {"uv": [2, 1, 3, 15], "texture": "#6"},
				"west": {"uv": [3, 1, 4, 15], "texture": "#6"}
			}
		},
		{
			"name": "frame_north_east",
			"from": [15, 1, 15],
			"to": [16, 15, 16],
			"shade": false,
			"faces": {
				"north": {"uv": [0, 1, 1, 15], "texture": "#6"},
				"east": {"uv": [1, 1, 2, 15], "texture": "#6"},
				"south": {"uv": [2, 1, 3, 15], "texture": "#6"},
				"west": {"uv": [3, 1, 4, 15], "texture": "#6"}
			}
		},
		{
			"name": "frame_south_east",
			"from": [15, 1, 0],
			"to": [16, 15, 1],
			"shade": false,
			"faces": {
				"north": {"uv": [0, 1, 1, 15], "texture": "#6"},
				"east": {"uv": [1, 1, 2, 15], "texture": "#6"},
				"south": {"uv": [2, 1, 3, 15], "texture": "#6"},
				"west": {"uv": [3, 1, 4, 15], "texture": "#6"}
			}
		}
	]
}