{
	"credit": "Made with Blockbench",
	"texture_size": [64, 32],
	"textures": {
		"0": "entity/skeleton/skeleton",
		"particle": "entity/skeleton/skeleton"
	},
	"elements": [
		{
			"name": "head",
			"from": [4, 0, 4],
			"to": [12, 8, 12],
			"color": 2,
			"faces": {
				"north": {"uv": [8, 8, 16, 16], "texture": "#missing"},
				"east": {"uv": [0, 8, 8, 16], "texture": "#missing"},
				"south": {"uv": [24, 8, 32, 16], "texture": "#missing"},
				"west": {"uv": [16, 8, 24, 16], "texture": "#missing"},
				"up": {"uv": [16, 8, 8, 0], "texture": "#missing"},
				"down": {"uv": [24, 0, 16, 8], "texture": "#missing"}
			}
		},
		{
			"name": "head",
			"from": [3.75, -0.25, 3.75],
			"to": [12.25, 8.25, 12.25],
			"faces": {
				"north": {"uv": [2, 4, 4, 8], "texture": "#0"},
				"east": {"uv": [0, 4, 2, 8], "texture": "#0"},
				"south": {"uv": [8, 4, 6, 8], "texture": "#0"},
				"west": {"uv": [4, 4, 6, 8], "texture": "#0"},
				"up": {"uv": [4, 4, 2, 0], "texture": "#0"},
				"down": {"uv": [6, 0, 4, 4], "texture": "#0"}
			}
		}
	],
	"display": {
		"thirdperson_righthand": {
			"rotation": [40, -130, 0],
			"translation": [0.25, 2.75, 1.5],
			"scale": [0.5, 0.5, 0.5]
		},
		"thirdperson_lefthand": {
			"rotation": [40, -130, 0],
			"translation": [0.25, 2.75, 1.5],
			"scale": [0.5, 0.5, 0.5]
		},
		"ground": {
			"translation": [0, 3, 0],
			"scale": [0.5, 0.5, 0.5]
		},
		"gui": {
			"rotation": [35, -135, 0],
			"translation": [0, 3.5, 0]
		},
		"head": {
			"translation": [0, 14.5, 0]
		},
		"fixed": {
			"translation": [0, 4, 0]
		}
	},
	"groups": [
		{
			"name": "head",
			"origin": [0, 0, 0],
			"children": [0, 1]
		}
	]
}